time,z,phi,theta,z_dot,phi_dot,theta_dot,u1_fl,u2_fr,u3_rl,u4_rr
0.0,0.2,0.3,-0.2,0.0,0.0,0.0,-300.0,-300.0,-300.0,300.0
0.01,0.19719125,0.29489040187392,-0.1951529235839844,-0.54335,-0.9960548688986113,0.9395994186401367,-233.41246152101797,7.832394170553897,-135.00348979555395,106.24136589601794
0.02,0.19081701270314455,0.2814562697184208,-0.18471657633545005,-0.7248950764453994,-1.6725656078199846,1.1405566249313883,-12.27470022906168,4.240049701229216,-35.995134114338796,-19.480384184047903
0.03,0.18355809682149468,0.26519702451600186,-0.17426609802655663,-0.7262362675102784,-1.580598778709367,0.9545475249369125,53.08340099886608,-21.18798360653752,18.71700064652725,-55.55438395887636
0.04,0.17653250273695748,0.2512000191132355,-0.16568979210591572,-0.6798459736619265,-1.2269712312349257,0.7659500891133806,19.532179956409998,-15.522466399191725,14.155766344533642,-20.89888001106808
0.05,0.16995207141020055,0.2399081532723966,-0.1584249351303541,-0.6371184867037998,-1.0355847353372334,0.6888669419870018,-19.138093738579286,-0.5291407512468869,-5.471172956866425,13.137780030465974
0.06,0.16373782356630404,0.22959380971003848,-0.1515986987524937,-0.6062436431443641,-1.026846661688766,0.6762410027874869,-27.50449709111814,2.793079536354753,-11.815601383864959,18.481975243607934
0.07,0.1577941388639799,0.21920148650816781,-0.14487284136508638,-0.5827806906614938,-1.0503490726724216,0.6686415382741524,-18.22977493495254,-2.735092368564368,-7.186720385362873,8.307962181025301
0.08,0.15206982634326213,0.20883551338706874,-0.13829928187652668,-0.562288241754244,-1.0228850273880736,0.6462565616990306,-10.334466372816436,-7.007975992645342,-2.7498636938955627,0.5766266862755318
0.09,0.14654576782497025,0.19892792430433617,-0.13199495898614033,-0.5427158755547914,-0.959619543427451,0.6150904143488409,-9.285174141455677,-6.7592392028473185,-2.554164909961081,-0.028229971352721872
0.1,0.14121535066577154,0.18963667462362893,-0.12600102665172006,-0.523562165906016,-0.8995741094577825,0.584194311590147,-11.170698972995242,-4.73181816299812,-4.162810443273617,2.276070366723505
0.11,0.13607413013793038,0.1808591305211432,-0.12029773605881823,-0.5048767152866861,-0.8564768441272674,0.5568728521775207,-12.075784828329917,-3.653157734326723,-4.898203193111644,3.524423900891551
0.12,0.13111683380898997,0.17246668596770345,-0.11485345169308907,-0.4867732492053417,-0.8223489329969025,0.5323264239392086,-11.447964166896854,-3.7806123598134436,-4.47711562810797,3.1902361789754425
0.13,0.12633737357202135,0.16441719966013393,-0.10964784784710689,-0.46930319168721163,-0.787915030168649,0.5091136686802752,-10.431614283933884,-4.149403464769346,-3.837935272263909,2.4442755469006303
0.14,0.12172941578784567,0.1567224588805028,-0.10467075059437606,-0.4524659438416265,-0.7514740317906644,0.4866204678457407,-9.79861527986182,-4.168240699976465,-3.5595662805986734,2.070808299286682
0.15,0.11728674370353176,0.14938925834198302,-0.09991476936996214,-0.4362394542780209,-0.7156152368238128,0.4648840792502212,-9.513507355756811,-3.9177591347730822,-3.558161629884079,2.03758659109965
0.16,0.11300337987088538,0.14240215881411739,-0.09537147970915542,-0.42059805438044906,-0.6822130383737195,0.4440699287333939,-9.274369208731354,-3.6709687819675207,-3.560796131666986,2.042604295096847
0.17,0.10887359262157822,0.13573712810403854,-0.09103139436728597,-0.40551820611486744,-0.6511618481638143,0.42422865912976293,-8.943793522071356,-3.535125333171298,-3.460703710947509,1.947964477952549
0.18,0.10489187303945183,0.12937487665770697,-0.0868850356436866,-0.3909788334006263,-0.6216374550527832,0.4053108542330375,-8.56457391067893,-3.458379138100313,-3.3098679399307396,1.7963268326478778
0.19,0.1010529149192583,0.1233023462808296,-0.08292353194647822,-0.37696043445552124,-0.5932081350841037,0.3872454346554011,-8.208119517607038,-3.3724970133446495,-3.1763549502743085,1.6592675539880797
0.2,0.09735160238382747,0.11750837849734477,-0.07913862975058648,-0.3634444305038381,-0.565913700986001,0.3699793500343394,-7.893243453688513,-3.262573107407816,-3.074781741039432,1.555888605241266
0.21,0.09378300203028632,0.11198095360365978,-0.07552251543830944,-0.35041289878860216,-0.5398842164362898,0.35347715227805804,-7.602133221860693,-3.147183651687986,-2.9862668914755335,1.4686826786971738
0.22,0.09034235668962076,0.1067074223014877,-0.07206769988360011,-0.3378485101855981,-0.5151188521964027,0.3377092336062967,-7.318489424461579,-3.0414220552426863,-2.8954296474897965,1.381637721729097
0.23,0.08702507949911602,0.10167564345240267,-0.06876699371810994,-0.32573452702686145,-0.4915193363773902,0.32264529539069703,-7.040459055458986,-2.945756643262707,-2.801534162734915,1.2931682494613645
0.24,0.08382674799293668,0.09687444375588003,-0.06561351588108594,-0.3140548016272803,-0.4689903593962467,0.308254030493331,-6.772781648932098,-2.8545535159816677,-2.7099612659683703,1.208266866982061
0.25,0.08074309826180767,0.09229339548958061,-0.0626006951393445,-0.30279376429516386,-0.4474771243296224,0.29450478437057315,-6.518054899245558,-2.7646679714078854,-2.62361300480207,1.1297739230356034
0.26,0.0777700192664092,0.08792251026824408,-0.059722258509660356,-0.2919364048101004,-0.4269460450466623,0.28136853383653576,-6.27535605651227,-2.676547962355615,-2.5418074213524715,1.057000672804184
0.27,0.07490354734560431,0.08375214991710786,-0.05697221480432662,-0.2814682520565658,-0.4073607592109273,0.2688179131296338,-6.042843064797435,-2.5915185608548175,-2.4629935405609356,0.988330963381683
0.28,0.072139860926225,0.07977307886980858,-0.05434483964771131,-0.2713753540812689,-0.38867732755336426,0.25682690427893756,-5.819563687494052,-2.5099872224584203,-2.3865459256805224,0.9230305393551104
0.29,0.06947527542724405,0.07597650613972516,-0.05183466313297625,-0.2616442591417716,-0.37085082712052003,0.24537061613450104,-5.605371756122847,-2.4315679569578297,-2.312640339872763,0.861163459292255
0.3,0.06690623834880323,0.07235406929741431,-0.04943645892315537,-0.25226199767143737,-0.3538403928710224,0.2344252119252319,-5.400201309571637,-2.3558250756700456,-2.241509775397427,0.8028664585041643
0.31,0.06442932453780253,0.06889779412095465,-0.04714523377028279,-0.24321606499202966,-0.33760917040729893,0.22396789626150013,-5.203736278212061,-2.2826012472796737,-2.173116141059131,0.748018889873256
0.32,0.06204123162312565,0.06560006476976114,-0.044956217205460454,-0.23449440466665233,-0.3221223094563728,0.2139768942065031,-5.015519976791211,-2.211900962715653,-2.1072665348530886,0.6963524792224687
0.33,0.05973877561435069,0.0624536091637886,-0.042864851541908874,-0.22608539244366418,-0.307345905965356,0.20443141026203812,-4.835134198291469,-2.1437075554301988,-2.0437959687188303,0.6476306741424389
0.34,0.05751888665815323,0.05945148868363824,-0.040866782327065886,-0.21797782076850855,-0.2932471648080142,0.19531157984361294,-4.662246537219177,-2.0779351685640437,-1.982615157154188,0.6016962115009459
0.35000000000000003,0.05537860494680573,0.05658708493206865,-0.038957849264679496,-0.21016088384689163,-0.2797948180566658,0.18659842374955118,-4.496565575665425,-2.014473753870522,-1.9236652842224904,0.558426537572412
0.36,0.05331507677334518,0.0538540840106312,-0.03713407756559034,-0.20262416324235105,-0.2669592120183664,0.17827380782480964,-4.337799986541331,-1.953229760732942,-1.8668770894601001,0.5176931363482884
0.37,0.05132555072815627,0.05124646125938979,-0.03539166968482946,-0.19535761399016122,-0.25471213427735295,0.17032040595988443,-4.185654542415927,-1.8941294624713463,-1.8121673246876797,0.4793577552569006
0.38,0.049407374031899126,0.048758467738028145,-0.0337269974206278,-0.18835155120924738,-0.24302663854299253,0.16272166468785704,-4.039843126103259,-1.8371051585301983,-1.7594523426819053,0.443285624891155
0.39,0.04755798899989239,0.04638461794653987,-0.03213659436189,-0.1815966371941648,-0.23187696940337202,0.15546176888714636,-3.900096281185325,-1.7820869199218434,-1.7086561500435538,0.40935321121992785
0.4,0.04577492963323823,0.044119678025051866,-0.03061714867217797,-0.17508386896984116,-0.2212385404084659,0.14852560876311238,-3.7661596031997475,-1.729003595023846,-1.659709206918629,0.3774468012572727
0.41000000000000003,0.04405581833214589,0.04195865421797754,-0.029165496196432873,-0.1688045662924499,-0.21108790336332361,0.14189874829804724,-3.637789632797801,-1.6777863642366848,-1.612544684824872,0.3474585837362446
0.42,0.04239836272707313,0.039896781760195704,-0.02777861387570139,-0.16275036008041252,-0.20140269523085705,0.13556739517819882,-3.5147519887699255,-1.6283700715235814,-1.5670969543183257,0.31928496292801867
0.43,0.040800352623462335,0.037929514324038266,-0.026453613455582663,-0.15691318126011236,-0.19216157925151867,0.12951837210233821,-3.3968215887597686,-1.5806924796478388,-1.5233021554440196,0.29282695366791056
0.44,0.03925965705599914,0.03605251401631511,-0.025187735475089176,-0.1512852500114554,-0.18334419365676027,0.12373908937221943,-3.2837830847432774,-1.5346933281680384,-1.481098971678656,0.26799078489658335
0.45,0.03777422144846761,0.03426164184775897,-0.023978343523458526,-0.14585906539894714,-0.17493110829891012,0.11821751869497243,-3.175430631496868,-1.4903140802865602,-1.4404287210444258,0.24468783016588247
0.46,0.03634206487541661,0.032552948621310016,-0.0228229187530511,-0.14062739537446578,-0.16690378420523222,0.11294216814719496,-3.0715672551670843,-1.4474980914499946,-1.4012350312810247,0.2228341324360653
0.47000000000000003,0.03496127742198768,0.030922666223881477,-0.02171905463694932,-0.13558326713840982,-0.1592445333479938,0.10790205825477454,-2.9720042893061254,-1.4061907304743801,-1.3634635680905003,0.20234999074124527
0.48,0.03363001763838566,0.02936719931712099,-0.020664451960342126,-0.13071995784636878,-0.15193647908367938,0.10308669914086627,-2.8765610107953394,-1.3663393191397533,-1.3270619503150356,0.18315974134055102
0.49,0.03234651008559935,0.02788311741444038,-0.01965691403525714,-0.12603098564893567,-0.14496351843754707,0.09848606869392687,-2.785064364323424,-1.3278930006375949,-1.291979741466313,0.16519162221951633
0.5,0.031109042969101133,0.02646714732408531,-0.01869434212867517,-0.12151010105271606,-0.13831028657841626,0.09409059170943064,-2.697348668825275,-1.290802642867244,-1.258168411425413,0.14837761453261755
0.51,0.029915965857371846,0.025116165938090993,-0.017774731094512254,-0.11715127859102026,-0.13196212314146208,0.08989111996148492,-2.613255294037895,-1.2550207878426494,-1.2255812568726585,0.13265324932258726
0.52,0.028765687482210048,0.023827193350528693,-0.016896165200380266,-0.11294870879313831,-0.12590504003044978,0.08587891316292806,-2.5326323410603413,-1.2205016126734596,-1.194173314808345,0.11795741357853673
0.53,0.027656673617894013,0.02259738629085181,-0.016056814140441484,-0.10889679044149349,-0.12012569058089302,0.08204562077442797,-2.4553343478621743,-1.187200880504224,-1.1639012906146007,0.10423217674334928
0.54,0.02658744503636979,0.02142403185862699,-0.01525492922605873,-0.10499012310635517,-0.11461134010382036,0.07838326462478235,-2.3812220168983202,-1.1550758836081378,-1.1347234982999301,0.09142263499025194
0.55,0.025556575535739975,0.020304541545854964,-0.01448883974631256,-0.10122349994816113,-0.10934983780718269,0.07488422230624103,-2.3101619549872936,-1.124085387876098,-1.1065998035302107,0.0794767635809851
0.56,0.024562690039425628,0.0192364455334287,-0.013756949490810607,-0.09759190077785583,-0.10432959003088135,0.071541211310273,-2.2420264211319783,-1.0941895824512584,-1.079491565547132,0.06834527313358796
0.5700000000000001,0.02360446276346785,0.018217387249016802,-0.013057733427552107,-0.09409048536599696,-0.09953953471191182,0.0683472738707476,-2.176693083400763,-1.0653500328450454,-1.0533615794915654,0.05798147106415186
0.58,0.022680615449526452,0.017245118174414632,-0.012389734528933445,-0.09071458699171062,-0.0949691170118765,0.0652957624829866,-2.1140447866431833,-1.0375296352379904,-1.0281740212914172,0.04834113011377539
0.59,0.021789915661220592,0.01631749289099303,-0.011751560739288801,-0.08745970622289924,-0.09060826605669836,0.06238032606855111,-2.0539693310994904,-1.010692571400281,-1.0038943955423634,0.03938236415684615
0.6,0.02093117514154084,0.015432464352350607,-0.011141882077654552,-0.08432150491941036,-0.08644737274340326,0.05959489675697067,-1.9963592608759553,-0.9848042647800154,-0.9804894857063732,0.03106551038956684
0.61,0.02010324822914337,0.014588079373737522,-0.010559427869727519,-0.08129580045117572,-0.08247726856679571,0.056933677256902925,-1.941111661376932,-0.9598313382053362,-0.95792730605518,0.023353017116415964
0.62,0.01930503033141552,0.013782474328295265,-0.01000298410325603,-0.07837856012361388,-0.07868920541792324,0.054391128790440633,-1.888127965273138,-0.9357415731784743,-0.9361770552603706,0.01620933683429321
0.63,0.01853545645227766,0.013013871040626917,-0.009471390901359665,-0.07556589580286555,-0.07507483630843416,0.05196195956545278,-1.83731376680186,-0.9125038705445432,-0.9152090717322894,0.009600824525027585
0.64,0.017793499772759208,0.012280572868654568,-0.008963540108518995,-0.07285405873369974,-0.07162619697821186,0.04964111376196887,-1.7885786441309548,-0.8900882123961464,-0.8949947907339153,0.0034956410008932237
0.65,0.017078170282456992,0.011580960965133918,-0.00847837298421112,-0.07023943454318352,-0.06833568834621048,0.047423761009682874,-1.7418359894208881,-0.8684656251912308,-0.8755067031836994,-0.0021363389540419164
0.66,0.016388513460051962,0.0109134907105882,-0.008014877999390869,-0.06771853842345524,-0.06519605976610512,0.04530528633467776,-1.6970028462068072,-0.8476081440918735,-0.856718316037709,-0.007323613922775085
0.67,0.01572360900112565,0.010276688309800204,-0.007572088731231532,-0.06528801048718298,-0.06220039304982814,0.04328128055444667,-1.6539997537660274,-0.8274887784994509,-0.8386041141723548,-0.012093138905778178
0.68,0.015082569591580844,0.00966914754436221,-0.0071490818517435505,-0.06294461128951533,-0.059342087223669474,0.0413475311012204,-1.6127505981767098,-0.8080814787423343,-0.821139523718049,-0.016470404283673246
0.6900000000000001,0.014464539725031634,0.00908952667412847,-0.006744975206084928,-0.06068521751055888,-0.05661484398329919,0.03950001325450198,-1.5731824697869068,-0.789361103866977,-0.8043008767966418,-0.020479510876711793
0.7000000000000001,0.013868694562586726,0.00853654548074304,-0.006358925976563836,-0.058506817792625725,-0.05401265381568662,0.037734881764561044,-1.5352255268184773,-0.771303390497162,-0.7880653776104057,-0.024143241289090345
0.71,0.01329423883350628,0.008008982446728558,-0.00599012892851221,-0.05640650872670462,-0.05152978275736508,0.036048462849454274,-1.4988128648357573,-0.753884922729638,-0.7724110698257537,-0.027483127719634404
0.72,0.012740405775267106,0.007505672063920159,-0.005637814734379531,-0.05438149098280526,-0.049160759759870026,0.034437246548915584,-1.4638803918233898,-0.7370831030357483,-0.7573168051999227,-0.030519516412281178
0.73,0.012206456111623536,0.0070255022653136715,-0.005301248372558805,-0.05242906557901918,-0.04690036463450427,0.0328978794192023,-1.4303667086296317,-0.7208761241364741,-0.7427622134015549,-0.033271628908397466
0.74,0.011691677067301932,0.006567411974669263,-0.004979727597612261,-0.050546630284324046,-0.044743616549860976,0.031427157553693574,-1.3982129945434965,-0.7052429418197075,-0.7287276729795159,-0.035757620255726874
0.75,0.011195381418015606,0.0061303887684712125,-0.004672581478712907,-0.04873167615033761,-0.04268576305675753,0.030022019914715224,-1.3673628977835381,-0.6901632486680798,-0.7151942834357411,-0.03799463432028266
0.76,0.010716906574534028,0.005713466645092048,-0.004379169003260063,-0.04698178416739804,-0.04072226961640041,0.028679541962712267,-1.337762430685919,-0.6756174486690825,-0.7021438383591599,-0.03999885634232331
0.77,0.010255613699585579,0.00531572389624549,-0.004098877742762606,-0.04529462204051463,-0.038848809608707714,0.027396929569510342,-1.309359869387595,-0.6615866326786377,-0.689558799579164,-0.041785562870206905
0.78,0.009810886856416831,0.004936281076038024,-0.0038311225782133073,-0.04366794108089158,-0.03706125479877305,0.026171513202997324,-1.2821056578103278,-0.6480525547108769,-0.6774222722989134,-0.043369169199462376
0.79,0.00938213218787359,0.0045742990631439774,-0.0035753444823014044,-0.04209957320888162,-0.035355666240463456,0.025000742371122577,-1.2559523157592827,-0.634997609027433,-0.6657179811707101,-0.044763274438860357
0.8,0.008968777124909559,0.004228977211834193,-0.003331009355928881,-0.04058742806437568,-0.033728285597107,0.023882180313649713,-1.230854350958503,-0.6224048079999498,-0.6544302472768947,-0.04598070431834139
0.81,0.008570269623467734,0.003899551587784153,-0.0030976069166089386,-0.03912949022077676,-0.0321755268601464,0.022813498930615458,-1.2067681748527395,-0.6102577607207353,-0.6435439659811573,-0.04703355184915309
0.8200000000000001,0.008186077428717449,0.0035852932847742444,-0.002874649636433122,-0.037723816498844716,-0.030693968447510798,0.021792473936939023,-1.183652022013408,-0.5985406523375398,-0.6330445856169099,-0.047933215941041996
0.8300000000000001,0.007815687365666445,0.003285506818573056,-0.002661671727396728,-0.03636853337683257,-0.029280345664294844,0.020816980233097904,-1.1614658729922918,-0.5872382240882954,-0.6229180869800326,-0.04869043807603618
0.84,0.007458604655202501,0.0029995285944647175,-0.002458228171970692,-0.035061834493461855,-0.027931543509132403,0.01988498748223482,-1.1401713804746099,-0.5763357540132403,-0.6131509635952448,-0.0493153371338752
0.85,0.007114352254653035,0.0027267254450435213,-0.002263893796902316,-0.033801978240409356,-0.026644589810414208,0.018994555884490772,-1.1197317985887496,-0.5658190383221704,-0.6037302027261006,-0.0498174424595213
0.86,0.006782470221983785,0.002466493235053919,-0.0020782623883171766,-0.0325872854410963,-0.025416648677225068,0.018143832139769632,-1.1001119152365826,-0.5556743733952443,-0.594643267100193,-0.05020572525885486
0.87,0.006462515102789178,0.0022182555302017186,-0.001900945846280496,-0.03141613711268657,-0.024245014250570247,0.01733104559053148,-1.0812779873139045,-0.5458885383964021,-0.5858780773218749,-0.05048862840437246
0.88,0.006154059339257356,0.001981462327003249,-0.001731573377058411,-0.03028697230831076,-0.023127104741122163,0.01655450453658681,-1.0631976786965844,-0.53644877847952,-0.5774229949462021,-0.05067409472913781
0.89,0.005856690700322147,0.0017555888408737777,-0.0015697907213980081,-0.0291982860366406,-0.022060456740349427,0.015812592714222,-1.0458400008730315,-0.527342788567301,-0.5692668061887068,-0.05076959388297625
0.9,0.005570011732242475,0.001540134349784774,-0.001415259417219981,-0.028148627256040667,-0.021042719792493548,0.015103765932327914,-1.0291752561090337,-0.518558697684256,-0.5613987062466099,-0.05078214782183216
0.91,0.005293639228876947,0.001334621090942062,-0.0012676560951893738,-0.0271365969406241,-0.020071651215432567,0.014426548858530615,-1.0131749830358618,-0.5100850538253359,-0.5538082842080567,-0.05071835499753069
0.92,0.005027203720947607,0.001138593208053743,-0.0011266718056983092,-0.026160846215634834,-0.019145111159019495,0.013779531948635291,-0.9978119045573246,-0.5019108093423408,-0.5464855085268812,-0.05058441331189731
0.93,0.004770348983612136,0.0009516157468682283,-0.000992011375859976,-0.02522007455967104,-0.01826105789000705,0.01316136851299274,-0.9830598779759648,-0.4940253068309766,-0.5394207130412939,-0.050386141896305664
0.9400000000000001,0.004522731561688202,0.0007732736967690924,-0.0008633927951756086,-0.024313028071353764,-0.017417543293169153,0.012570771913682771,-0.9688938472429226,-0.4864182655019035,-0.5326045835157194,-0.05012900177470034
0.9500000000000001,0.0042840203118971855,0.0006031710763149394,-0.000740546628595869,-0.023438497798130647,-0.016612708578705913,0.012006512886681081,-0.9552897972401954,-0.4790797680195971,-0.5260281446858764,-0.04981811546527817
0.96,0.0040538959615171585,0.0004409300607093043,-0.0006232154557550607,-0.022595318124987468,-0.01584478018647377,0.011467416983436346,-0.9422247100077054,-0.4720002477932602,-0.519682747787689,-0.049458285573243804
0.97,0.0038320506828569277,0.0002861901492780042,-0.0005111533352110691,-0.021782365220919447,-0.015112065878015748,0.01095236212653282,-0.9296765228320047,-0.4651704767050109,-0.5135600585520443,-0.04905401242505045
0.98,0.003618187682983969,0.0001386073711195088,-0.000404125292575971,-0.020998555541092635,-0.014412951007780856,0.010460276274351052,-0.9176240881161771,-0.4585815532602354,-0.5076520456471539,-0.0486095107912122
0.99,0.0034120208081594647,-2.1464728219878235e-06,-0.0003019068314719804,-0.02024284438269818,-0.013745894965316375,0.009990135189866316,-0.906047134954884,-0.45222489114635755,-0.5019509695519668,-0.048128725743440376
1.0,0.0032132741624532253,-0.0001363845329308562,-0.00020428346629489756,-0.019514224492575432,-0.013109427780593581,0.009540960308941002,-0.8949262323410678,-0.44609220818600315,-0.49644937184393056,-0.0476153476888658
1.01,0.003021681740030194,-0.00026440560093516757,-0.00011105027581262094,-0.018811724724747635,-0.012502146884986848,0.009111816703674374,-0.8842427539345129,-0.44017551567149515,-0.49114006488562156,-0.047072826622603786
1.02,0.002836987070618437,-0.0003864947682830976,-2.2011476669641885e-05,-0.01813440874608137,-0.011922714020769078,0.008701811136570817,-0.8739788443250958,-0.43446710806763456,-0.48601612189489707,-0.046504385637435836
1.03,0.002658942877686112,-0.0005029240543313048,6.30199840901277e-05,-0.01748137378834425,-0.01136985229231363,0.008310090201476859,-0.8641173867268671,-0.4289595530705522,-0.4810708673842937,-0.04591303372797881
1.04,0.002487310748871823,-0.0006139530057294713,0.00014422281833026206,-0.01685174944499797,-0.010842343352505245,0.00793583854741769,-0.8546419720414613,-0.4236456820104165,-0.47629786795548334,-0.04530157792443848
1.05,0.002321860818229121,-0.000719829268321726,0.00022176776876871296,-0.0162446965111229,-0.010339024718160285,0.007578277181636573,-0.8455368692323075,-0.4185185805864864,-0.47169092343549557,-0.044672634789674454
1.06,0.002162371459861638,-0.0008207891328251133,0.0002958179643388057,-0.01565940586492807,-0.009858787208540956,0.007236661848305309,-0.8367869969534393,-0.4135715799231817,-0.46724405834172644,-0.04402864131146891
1.07,0.002008628992540542,-0.0009170580554874873,0.0003665292597039398,-0.015095097389355874,-0.009400572501319338,0.0069102814795314,-0.8283778963792968,-0.40879824793635794,-0.46295151366339676,-0.043371865220457884
1.08,0.0018604273949106203,-0.0010088511548720812,0.0004340505596326133,-0.014551018932344235,-0.008963370800605911,0.006598456715438067,-0.8202957051840861,-0.40419238099917854,-0.45880773894746385,-0.042704414762556236
1.09,0.0017175680309054198,-0.0010963736858633963,0.0004985241289088819,-0.014026445304360454,-0.008546218611904232,0.006300538490237048,-0.8125271326214949,-0.3997479958974295,-0.45480738467749804,-0.04202824795343266
1.1,0.0015798593850054835,-0.001179821491938865,0.0005600858884232576,-0.013520677311870531,-0.008148196619088789,0.00601590668135135,-0.8050594356578996,-0.3954593220644701,-0.45094529493463165,-0.04134518134120213
1.11,0.0014471168069868292,-0.0012593814367028498,0.0006188656980602903,-0.013033040825456041,-0.00776842765872829,0.005743968818776491,-0.7978803961138297,-0.3913207940862229,-0.44721650032976434,-0.040656898302157574
1.12,0.0013191622658194752,-0.001335231815633846,0.0006749876269715964,-0.012562885881336264,-0.007406074787290595,0.005484158851994027,-0.790978298770831,-0.387327044467023,-0.4436162111970282,-0.03996495689322019
1.1300000000000001,0.0011958241123880115,-0.0014075427489521578,0.0007285702117968433,-0.012109585815098257,-0.007060339436970752,0.005235935971870989,-0.7843419104024063,-0.3834728966474774,-0.44013981103856237,-0.0392707972836335
1.1400000000000001,0.0010769368507179671,-0.0014764765564737163,0.0007797267033701162,-0.011672536426480296,-0.006730459656078313,0.0049987834850933706,-0.7779604596896104,-0.3797533582655914,-0.43678285021124497,-0.03857574878722603
1.1500000000000001,0.0009623409174030673,-0.0015421881152760126,0.0008285653024251283,-0.011251155174095407,-0.006415708430106883,0.004772207738790908,-0.7718236179836315,-0.37616361465297576,-0.4335410398462759,-0.037881036515620053
1.16,0.0008518824689394006,-0.0016048252009642524,0.0008751893847898397,-0.010844880399021836,-0.006115392079786375,0.004555737093115191,-0.7659214808791568,-0.37269902255799225,-0.4304102459928929,-0.03718778767172837
1.17,0.0007454131766830577,-0.001664528813289696,0.0009196977165391726,-0.010453170576225567,-0.0058288487325880885,0.004348920939632596,-0.7602445505640841,-0.36935510408812267,-0.42738648397785356,-0.03649703750189209
1.18,0.0006427900291579581,-0.0017214334868376712,0.0009621846595536147,-0.010075503592817284,-0.005555446864314729,0.004151328763489227,-0.7547837189123987,-0.3661275408639704,-0.42446591297256897,-0.035809734924140524
1.19,0.0005438751414503852,-0.0017756675874698491,0.0010027403679115305,-0.009711376052181746,-0.00529458390756176,0.0039625492473958504,-0.7495302512886555,-0.36301216837768735,-0.4216448307601722,-0.035126747849204026
1.2,0.0004485355714361886,-0.0018273535951739799,0.0010414509755239266,-0.009360302603052168,-0.0050456849239839015,0.0037821894155680414,-0.744475771033753,-0.3600049705487519,-0.4189196686950344,-0.03444886821003332
1.21,0.0003566431425957225,-0.0018766083739443385,0.001078398775402187,-0.009021815292635398,-0.004808201337441212,0.003609873815839841,-0.739612244602996,-0.357102074470356,-0.4162869868475266,-0.033776816714886554
1.22,0.0002680742731803698,-0.00192354342928755,0.0011136623909318824,-0.008695462942925723,-0.004581609725233145,0.0034452437382486815,-0.7349319673287823,-0.35429974533978215,-0.41374346932717143,-0.03311124733817125
1.23,0.00018270981150296268,-0.0019682651539211977,0.0011473169395091194,-0.008380810549376084,-0.004365410664757328,0.0032879564684652864,-0.7304275497812789,-0.3515943815664464,-0.41128591977749185,-0.032452751562659365
1.24,0.00010043487713257811,-0.0020108750622066054,0.0011794341888800002,-0.008077438701125199,-0.0041591276330516045,0.0031376845745146507,-0.7260919047017333,-0.3489825100515389,-0.40891125703614484,-0.0318018623859504
1.25,2.113870778205135e-05,-0.0020514700138323507,0.0012100827065085768,-0.007784943022007943,-0.003962305956794369,0.002994115225303703,-0.7219182344841308,-0.3464607816332046,-0.4066165109542881,-0.031159058103361698
1.26,-5.528548831585995e-05,-0.0020901424272413917,0.0012393280022841733,-0.007502933631603904,-0.0037745118104499254,0.0028569495395372037,-0.7179000191818627,-0.3440259666916533,-0.4043988183691572,-0.03052476587894773
1.27,-0.00012894067474041352,-0.002126980483272086,0.0012672326648650875,-0.00723103462560584,-0.003595331260351089,0.0027259019636668336,-0.7140310050171479,-0.34167495090868705,-0.40225541922414304,-0.02989936511568217
1.28,-0.00019992612411262196,-0.0021620683194618125,0.0012938564919424398,-0.006968883574815448,-0.0034243693526125,0.002600699677578926,-0.7103051933719755,-0.33940473117613756,-0.4001836528310557,-0.029283190635217726
1.29,-0.00026833755040569325,-0.00219548621544134,0.0013192566146952832,-0.00671613104209874,-0.00326124924286548,0.002481082026783788,-0.7067168302400035,-0.3372124116482528,-0.3981809542690956,-0.028676535677344794
1.3,-0.00033426723651251505,-0.0022273107698284516,0.0013434876166959968,-0.006472440116657186,-0.0031056113658962463,0.002366799979924873,-0.7032603961200341,-0.3350951999329143,-0.39624485091559314,-0.02807965472847332
1.31,-0.00039780415724020526,-0.0022576150690106003,0.0013666016475134388,-0.006237485964993947,-0.0029571126433581584,0.0022576156104788074,-0.6999305963322657,-0.3330504034168957,-0.39437295910359144,-0.027492766188221357
1.32,-0.0004590340978956543,-0.002286468848188505,0.0013886485312502937,-0.006010955397976666,-0.0028154257278121086,0.0021533016015674437,-0.6967223517395154,-0.3310754257205396,-0.39256298090157976,-0.026916054882603874
1.33,-0.0005180397686201106,-0.0023139386450355386,0.0014096758702405114,-0.005792546453419868,-0.0026802382814294133,0.0020536407728514684,-0.6936307898561617,-0.32916776327735187,-0.39081270101081944,-0.02634967443200964
1.34,-0.0005749009146251939,-0.002340087946311491,0.0014297291441226598,-0.005581967993630595,-0.00255125228776758,0.001958425628520787,-0.6906512363285403,-0.3273250020340775,-0.3891199837760225,-0.025793749481559713
1.35,-0.0006296944224772582,-0.0023649773277537606,0.0014488518044953862,-0.005378939317380881,-0.0024281833951028953,0.0018674579254409024,-0.6877792067710455,-0.3255448142672087,-0.3874827703050622,-0.025248377801225297
1.36,-0.0006824944225717606,-0.00238866458755423,0.0014670853653519938,-0.005183189785789941,-0.002310760289872677,0.001780548260556687,-0.6850103989428239,-0.3238249555117847,-0.3858990756937465,-0.024713632262707286
1.37,-0.0007333723879342129,-0.002411204873715922,0.001484469489482349,-0.0049944584616174095,-0.0021987240988464093,0.0016975156766945742,-0.6823406852508447,-0.32216326159855024,-0.3843669863518149,-0.02418956269952044
1.3800000000000001,-0.0007823972294793975,-0.0024326508055700726,0.0015010420710219457,-0.004812493761486898,-0.002091827818708876,0.0016181872859429116,-0.6797661055654348,-0.32055764579578794,-0.3828846574263443,-0.02367619765669729
1.3900000000000001,-0.0008296353878558101,-0.002453052589721377,0.0015168393143199332,-0.0046370531205763834,-0.0019898357717980284,0.001542397909826586,-0.6772828603351602,-0.3190060960520584,-0.3814503103190341,-0.02317354603593233
1.4000000000000001,-0.0008751509219977375,-0.0024724581306768837,0.001531895809290253,-0.004467902669328466,-0.0018925230867985752,0.0014699897355270107,-0.6748873039884009,-0.3175066723364113,-0.3800622302938842,-0.022681598641894674
1.41,-0.0009190055945029937,-0.002490913136402309,0.0015462446034027082,-0.004304816921749667,-0.0017996752032468514,0.0014008119874319449,-0.6725759386096022,-0.3160575040726163,-0.37871876417195116,-0.022200329634965238
1.42,-0.0009612589539501047,-0.0025084612190383613,0.001559917270463801,-0.004147578474883317,-0.0017110873987553586,0.0013347206133316745,-0.6703454078785216,-0.31465678766416677,-0.3774183181099453,-0.02172969789559051
1.43,-0.0010019684142646545,-0.002525143990998993,0.0015729439763304868,-0.003995977719055502,-0.0016265643379149528,0.0012715779846083188,-0.6681924912615111,-0.31330278410681156,-0.3761593554596476,-0.02126964830494804
1.44,-0.0010411893312405722,-0.002541001156663337,0.0015853535416936139,-0.003849812558507862,-0.001545919641881006,0.0012112526097943193,-0.6661140984441686,-0.31199381668561943,-0.37494039470510476,-0.020820112946555558
1.45,-0.001078975076318346,-0.002556070599863362,0.0015971735020617172,-0.0037088881420449128,-0.001468975477695012,0.0011536188609040114,-0.6641072639951883,-0.3107282687536045,-0.37376000747478383,-0.02038101223320002
1.46,-0.001115377107718497,-0.0025703884673600234,0.001608430165070009,-0.003573016603336912,-0.0013955621664365932,0.0010985567119685914,-0.662169142251748,-0.3095045815890104,-0.3726168166259387,-0.01995225596320102
1.47,-0.0011504450390251181,-0.002583989248491849,0.0016191486652338393,-0.0034420168105321314,-0.0013255178093426853,0.0010459514892303605,-0.6602970024170967,-0.30832125232855434,-0.3715094943985055,-0.019533744309963158
1.48,-0.0011842267053108872,-0.0025969058511714567,0.0016293530162605858,-0.0033157141248448202,-0.0012586879310699701,0.0009956936324763972,-0.6584882238614177,-0.307176831973912,-0.3704367606360268,-0.019125368748521082
1.49,-0.001216768226891685,-0.0026091696743974625,0.0016390661610288456,-0.003193940167797125,-0.0011949251393145472,0.0009476784670148048,-0.656740291617437,-0.30606992346889167,-0.36939738107108694,-0.018727012922541614
1.5,-0.001248114070795789,-0.0026208106774415585,0.0016483100193389495,-0.0030765325968046806,-0.0011340888000388111,0.0009018059858190276,-0.6550507920626415,-0.3049991798448721,-0.36839016567294647,-0.018338553455177042
1.51,-0.0012783071100295718,-0.002631857445863206,0.0016571055335341809,-0.0029633348888068968,-0.0010760447275898395,0.0008579806413868413,-0.6534174087802251,-0.30396330243197345,-0.36741396705507695,-0.017959860706825342
1.52,-0.0013073886807186898,-0.0026423372544974117,0.0016654727120876472,-0.0028541961316534254,-0.0010206648890266417,0.0008161111468807299,-0.6518379185913121,-0.30296103913382233,-0.3664676789403734,-0.017590799482883585
1.53,-0.001335398637200922,-0.002652276127554369,0.0016734306712455221,-0.0027489708229688783,-0.0009678271220045062,0.0007761102861359046,-0.650310187751277,-0.3019911827634974,-0.36555023468200865,-0.017231229694229022
1.54,-0.0013623754051440872,-0.0026616988959634004,0.001680997674813327,-0.0026475186762276517,-0.0009174148655951177,0.0007378947321404143,-0.6488321683032783,-0.30105256943862413,-0.3646606058378211,-0.016881006973166857
1.55,-0.0013883560327598314,-0.0026706292520875512,0.0016881911721680588,-0.00254970443378041,-0.0008693169034491633,0.0007013848736096421,-0.6474018945824384,-0.300144077033511,-0.3637978007963345,-0.01653998324740702
1.56,-0.0014133762401815477,-0.0026790898019293974,0.001695027834575277,-0.0024553976865830923,-0.0008234271187354844,0.0006665046492941825,-0.64601747986432,-0.29926462368628864,-0.3629608634524488,-0.016208007274417457
1.57,-0.0014374704670722352,-0.002687102114943101,0.0017015235898867347,-0.00236447270038807,-0.0007796442603167225,0.0006331813896762789,-0.6446771131517701,-0.29841316635913945,-0.3621488719310917,-0.015884925138461015
1.58,-0.0014606719185257522,-0.0026946867715624697,0.0017076936556907694,-0.002276808248165903,-0.0007378717196464105,0.0006013456657253774,-0.6433790560942658,-0.2975886994497076,-0.36136093735700814,-0.015570580712449933
1.59,-0.0014830126093226376,-0.0027018634085497527,0.0017135525709844487,-0.0021922874485342777,-0.0006980173178959219,0.000570931144398003,-0.6421216400342051,-0.2967902534519484,-0.36059620266900866,-0.015264816086752037
1.6,-0.0015045234065994872,-0.0027086507622650887,0.0017191142264333873,-0.002110797609978812,-0.0006599931028419671,0.0005418744505811305,-0.6409032631749523,-0.29601689366460504,-0.3598538414771,-0.014967471966752632
1.61,-0.0015252340709887519,-0.002715066709951958,0.001724391893282216,-0.002032230080658115,-0.0006237151550673995,0.0005141150351918348,-0.6397223878654308,-0.29526771894571946,-0.35913305696084796,-0.014678388041136609
1.62,-0.0015451732962837913,-0.0027211283091296,0.0017293982509758706,-0.001956480103592912,-0.0005891034030479225,0.0004875950491586744,-0.6385775379965327,-0.29454186051140907,-0.3584330808076095,-0.014397403322485847
1.6300000000000001,-0.0015643687476820467,-0.0027268518351792064,0.0017341454135491902,-0.0018834466770462296,-0.000556081446717744,0.0004622592230224925,-0.6374672965045399,-0.2938384807775086,-0.35775317218901315,-0.014124356461981735
1.6400000000000001,-0.0015828470986573038,-0.0027322528172066944,0.0017386449548397488,-0.0018130324199085441,-0.0005245763891248968,0.00043805475190608015,-0.6363903029772686,-0.29315677224239534,-0.3570926167745003,-0.013859086039627044
1.6500000000000001,-0.0016006340665101898,-0.0027373460722611024,0.0017429079325763917,-0.0017451434419085278,-0.0004945186758058685,0.0004149311856132254,-0.6353452513584414,-0.2924959564097419,-0.35645072578028764,-0.013601430831588074
1.6600000000000001,-0.0016177544466442844,-0.0027421457379839882,0.0017469449113936136,-0.0016796892184763085,-0.0004658419415248353,0.0003928403236285642,-0.6343308877464788,-0.29185528274957373,-0.35582683505282575,-0.013351230055920649
1.67,-0.0016342321456135301,-0.002746665303761784,0.0017507659848196783,-0.0016165824700926177,-0.00043848286404061544,0.0003717361147995782,-0.6333460082834752,-0.2912340276964156,-0.35522030418515205,-0.01310832359809233
1.68,-0.0016500902129849848,-0.002750917640449744,0.0017543807962842413,-0.0015557390459628277,-0.0004123810245784723,0.0003515745614919757,-0.6323894571308907,-0.29063149368316005,-0.35463051566523757,-0.01287255221750691
1.69,-0.0016653508720593855,-0.0027549150287329827,0.0017577985591891974,-0.0014970778118610546,-0.00038747877469977093,0.0003323136280189464,-0.6314601245281508,-0.29004700820940316,-0.35405687405491204,-0.012643757736164385
1.7,-0.0016800355494904662,-0.002758669186187099,0.0017610280760845278,-0.0014405205419946426,-0.0003637211092758759,0.0003139131531538311,-0.6305569449308331,-0.2894799229430394,-0.3534988051984514,-0.01242178321065765
1.71,-0.001694164903842507,-0.002762191293098007,0.0017640777569890558,-0.0013859918147450666,-0.000341055545286493,0.00029633476654400463,-0.6296788952250599,-0.28892961285386976,-0.35295575545965463,-0.012206473088464426
1.72,-0.0017077588531241757,-0.002765492017097872,0.001766955636894241,-0.0013334189121461727,-0.00031943200617544495,0.0002795418088519761,-0.628824993014984,-0.2883954753782457,-0.3524271909863552,-0.01199767334961696
1.73,-0.0017208366013353577,-0.002768581536671435,0.0017696693924874427,-0.0012827317229658886,-0.000298802711508781,0.00026349925545766613,-0.627994294980346,-0.2878769296134248,-0.35191259700148964,-0.011795231634568498
1.74,-0.0017334166640623591,-0.002771469563584516,0.0017722263581294569,-0.0012338626492621602,-0.0002791220716925434,0.00024817364356289517,-0.6271858953011553,-0.2873734155407677,-0.3514114771196292,-0.011598997359241553
1.75,-0.0017455168931555921,-0.0027741653642841223,0.0017746335411195832,-0.0011867465162885933,-0.00026034658751790185,0.00023353300254647276,-0.6263989241467238,-0.2868843932766685,-0.3509233526881279,-0.011408821818072568
1.76,-0.001757154500522636,-0.002776677780317319,0.0017768976362799887,-0.0011413204856297273,-0.00024243475431233523,0.0002195467874248403,-0.6256325462263966,-0.2864093423502906,-0.35044776215192786,-0.011224558275821778
1.77,-0.0017683460810683838,-0.002779015247813839,0.0017790250398897235,-0.0010975239714501575,-0.00022534697048554218,0.00020618581527991192,-0.6248859593995151,-0.2859477610070268,-0.34998426044131337,-0.011046062048824967
1.78,-0.001779107634812849,-0.0027811858160753803,0.0017810218629973921,-0.0010552985597459,-0.000209045450269105,0.00019342220452173874,-0.6241583933419386,-0.28549916553695365,-0.3495324183815796,-0.010873190576594666
1.79,-0.0017894545882161119,-0.002783197165312539,0.0017828939441401816,-0.001014587930490368,-0.00019349414045686733,0.00018122931685947137,-0.6234491082670388,-0.28506308962726246,-0.34909182212395795,-0.01070580348418157
1.8,-0.0017994018147388265,-0.0027850566235684644,0.0017846468614957235,-0.0009753377825711899,-0.00017865864096306718,0.00016958170186009446,-0.6227573936987829,-0.284639083737805,-0.34866207259703785,-0.010543762636059939
1.81,-0.001808963654665692,-0.002786771182866527,0.0017862859444920775,-0.000937495761417825,-0.00016450612902321643,0.0001584550439793255,-0.6220825672947252,-0.28422671449905024,-0.34824278497782407,-0.010386932182149172
1.82,-0.0018181539342183065,-0.0027883475146175812,0.001787816284900003,-0.0009010113892235162,-0.00015100528687030332,0.00014782611195452672,-0.6214239737169744,-0.28382556413154414,-0.347833588181876,-0.01023517859644571
1.83,-0.001826985983982882,-0.0027897919843207692,0.0017892427474306,-0.0008658359976686429,-0.00013812623272732198,0.00013767271045428544,-0.6207809835490422,-0.2834352298861407,-0.3474341243716893,-0.010088370708787792
1.84,-0.0018354726566773756,-0.002791110665590261,0.0017905699798603826,-0.000831922663055687,-0.0001258404549639326,0.00012797363388411553,-0.620152992256711,-0.28305532350426765,-0.3470440484827827,-0.009946379730339266
1.85,-0.0018436263442817191,-0.0027923093535388364,0.001791802422704851,-0.0007992261437694481,-0.00011412074927213462,0.00011870862225194214,-0.6195394191911917,-0.28268547069751243,-0.3466630277668003,-0.009809079273120996
1.86,-0.0018514589945539802,-0.0027933935775477994,0.0017929443184607006,-0.000767702819979152,-0.0001029411587227397,0.0001098583190017377,-0.6189397066326702,-0.2823253106458555,-0.34629074135098115,-0.009676345364166422
1.87,-0.0018589821269544638,-0.002794368613451367,0.0017939997204358999,-0.000737310635502052,-9.227691657022447e-05,0.00010140423072737069,-0.6183533188727115,-0.28197449551388154,-0.3459268798134337,-0.009548056454603687
1.8800000000000001,-0.0018662068479989799,-0.0027952394951623726,0.0017949725011860177,-0.0007080090417510511,-8.210439168005726e-05,9.332868868296924e-05,-0.6177797413339166,-0.28163268998426316,-0.3455711447737224,-0.009424093424068969
1.8900000000000001,-0.0018731438660617408,-0.0027960110257649064,0.0017958663605743572,-0.0006797589436916628,-7.24010364585265e-05,8.56148120095693e-05,-0.6172184797251915,-0.28129957080801715,-0.34522324849805486,-0.009304339580880477
1.9000000000000001,-0.0018798035056476153,-0.0027966877880983335,0.0017966848334726698,-0.000652522647736241,-6.314533716989318e-05,7.824647260156027e-05,-0.6166690592313283,-0.2809748263708314,-0.3448829135187039,-0.00918868065820691
1.9100000000000001,-0.0018861957211527634,-0.0027972741548560123,0.0017974312971184797,-0.0006262638115060808,-5.431676653181632e-05,7.120826153984245e-05,-0.6161310237353006,-0.28065815627498014,-0.3445498722669921,-0.009077004806671729
1.92,-0.0018923301101319908,-0.0027977742982209625,0.0017981089781443293,-0.0006009473953943715,-4.5895738484120745e-05,6.448545702178807e-05,-0.6156039350721249,-0.2803492709361644,-0.34422386671953104,-0.008969202583570562
1.93,-0.0018982159260905066,-0.0027981921990597163,0.001798720959293575,-0.0005765396158655075,-3.786356503174186e-05,5.806399372125325e-05,-0.6150873723128578,-0.280047891194843,-0.34390464805708143,-0.008865166939066638
1.94,-0.0019038620908171315,-0.002798531655694613,0.0017992701858367127,-0.000553007900428476,-3.0202415066465373e-05,5.1930433514927324e-05,-0.6145809310775283,-0.27975374794151836,-0.3435919763356441,-0.008764793199634136
1.95,-0.001909277206275397,-0.002798796292273862,0.001799759471701585,-0.0005303208442243474,-2.289527507665448e-05,4.607193751405134e-05,-0.6140842228758447,-0.27946658175536654,-0.34328562016937847,-0.008667979048900126
1.96,-0.0019144695660683806,-0.002798989566757821,0.0018001915053302304,-0.000508448168169927,-1.5925911658737658e-05,4.047623934323166e-05,-0.6135968744745123,-0.2791861425559594,-0.3429853564248153,-0.008574624506262396
1.97,-0.00191944716649256,-0.002799114778539084,0.0018005688552745615,-0.00048736067860189304,-9.278835747385273e-06,3.5131619610906704e-05,-0.6131185272901212,-0.2789121892673427,-0.342690969926108,-0.00848463190332946
1.98,-0.001924217717195418,-0.0027991750757131754,0.0018008939755425224,-0.0004670302283675433,-2.9392684861278683e-06,3.0026881518189567e-05,-0.6126488368064285,-0.27864448949428916,-0.34240225317074535,-0.008397905858606058
1.99,-0.0019287886514510004,-0.0027991734620158608,0.0018011692107058486,-0.000447429679310345,3.106891337495955e-06,2.515132755533224e-05,-0.6121874720152446,-0.27838281921007113,-0.34211900605554524,-0.00831435325037172
2.0,-0.001933167136067127,-0.0027991128034423707,0.0018013968007800601,-0.00042853286610029036,8.873098363312735e-06,2.0494737237371246e-05,-0.6117341148797579,-0.27812696245548685,-0.3418410356123661,-0.008233883188094981
2.0100000000000002,-0.0019373600809374548,-0.0027989958345631173,0.001801578885886847,-0.0004103145613607819,1.4372190305340416e-05,1.6047345832623827e-05,-0.6112884598194961,-0.2778767110486784,-0.341568155753343,-0.00815640698252526
2.02,-0.0019413741482511284,-0.0027988251645498204,0.0018017175107085492,-0.0003927504420456601,1.961641623924929e-05,1.1799824039661958e-05,-0.6108502132160264,-0.2776318643053438,-0.34130018702523546,-0.008081838114552764
2.0300000000000002,-0.0019452157613722887,-0.002798603282925323,0.0018018146287440001,-0.00037581705702150777,2.4617463592686217e-05,7.743258570537872e-06,-0.6104190929385231,-0.27739222876903735,-0.3410369563725292,-0.008010092203043384
2.04,-0.0019488911134012772,-0.0027983325650497645,0.0018018721063745953,-0.00035949179581203875,2.9386483898121442e-05,3.8691335999223794e-06,-0.6099948278884046,-0.2771576179510933,-0.34077829690907824,-0.007941086971766764
2.05,-0.0019524061754289455,-0.0027980152773552014,0.0018018917267490448,-0.00034375285846291735,3.393411736477046e-05,1.6931304135016172e-07,-0.6095771575622455,-0.2769278520799635,-0.34052404769783007,-0.007874742215548042
2.06,-0.0019557667044950706,-0.002797653582340208,0.0018018751934948973,-0.00032857922648682676,3.8270516324031e-05,-3.3639763860931397e-06,-0.6091658316322865,-0.2767027578594694,-0.3402740535385316,-0.007810979765714293
2.07,-0.0019589782512614835,-0.002797249543335465,0.0018018241342645592,-0.00031395063485008305,4.240536759965493e-05,-6.738161336051287e-06,-0.608760609543717,-0.27648216823581917,-0.3400281647629432,-0.007749723455045432
2.08,-0.0019620461674101385,-0.0027968051290508333,0.001801740104123189,-0.0002998475449634546,4.634791385242169e-05,-9.960337291736466e-06,-0.6083612601281629,-0.276265922172908,-0.33978623703744115,-0.007690899082186231
2.09,-0.0019649756127759813,-0.0027963222179139343,0.0018016245887855194,-0.0002862511186411535,5.010697394587841e-05,-1.3037283333517715e-05,-0.6079675612326378,-0.27605386443577684,-0.339548131172648,-0.007634434375786953
2.1,-0.0019677715622241254,-0.0027958026022098003,0.0018014790077083408,-0.00027314319299338483,5.369096237841762e-05,-1.5975476247998566e-05,-0.6075792993633248,-0.2758458453818025,-0.33931371293983215,-0.007580258958309882
2.11,-0.001970438812280499,-0.002795247992030708,0.0018013047170450862,-0.0002605062562188457,5.7107907824429665e-05,-1.878110400792425e-05,-0.607196269343729,-0.2756417207594001,-0.33908285289398254,-0.007528304309653594
2.12,-0.001972981987524805,-0.0027946600190449046,0.001801103012468664,-0.0002483234242651098,6.036547082507663e-05,-2.1460078650987085e-05,-0.6068182739863728,-0.27544135151392085,-0.33885542620308806,-0.007478503730636105
2.13,-0.0019754055467543085,-0.002794040240092533,0.001800875131868415,-0.00023657841832552885,6.347096066800181e-05,-2.40180485843809e-05,-0.6064451237776959,-0.27524460360062686,-0.3386313124835604,-0.007430792306491296
2.14,-0.0019777137889266713,-0.0027933901406166704,0.0018006222579268064,-0.00022525554314290215,6.643135149322397e-05,-2.646041034060581e-05,-0.6060766365755669,-0.27505134780428453,-0.3384103956415938,-0.007385106870311353
2.15,-0.0019799108588897532,-0.0027927111379370496,0.0018003455205812262,-0.00021433966609090668,6.925329766031935e-05,-2.879231980911172e-05,-0.6057126373188113,-0.2748614595652559,-0.3381925637201162,-0.007341385966560615
2.16,-0.001982000752906014,-0.0027920045843736713,0.0018000459993759992,-0.0002038161970053052,7.194314841102804e-05,-3.1018702967113814e-05,-0.6053529577484237,-0.2746748188119402,-0.3379777087512533,-0.0072995698147698684
2.17,-0.0019839873239788823,-0.002791271770227193,0.0017997247257095237,-0.00019367106873829107,7.45069618596193e-05,-3.3144266131788095e-05,-0.6049974361397938,-0.2744913097991044,-0.3377657266140333,-0.0072596002733438525
2.18,-0.0019858742869881918,-0.0027905139266226607,0.0017993826849812026,-0.00018389071840976606,7.695051834175125e-05,-3.51735057554328e-05,-0.6046459170456882,-0.2743108209521249,-0.3375565168971862,-0.007221420803622897
2.19,-0.001987665223641521,-0.002789732228222847,0.0017990208186426384,-0.00017446206933076434,7.927933315131002e-05,-3.7110717783771767e-05,-0.6042982510494999,-0.27413324471677175,-0.3373499827668921,-0.007184976434163992
2.2,-0.0019893635872480463,-0.0027889277958171774,0.0017986400261573608,-0.0001653725135748985,8.149866869303042e-05,-3.896000659695269e-05,-0.6039542945282589,-0.27395847741443513,-0.33714603083918365,-0.007150213725359927
2.21,-0.001990972707321263,-0.0027881016987919512,0.0017982411668731673,-0.00015660989517454968,8.361354607804071e-05,-4.0725293551851955e-05,-0.6036139094250661,-0.27378641910253787,-0.33694457105691683,-0.007117080734388631
2.22,-0.001992495794016714,-0.002787254957487294,0.0017978250618109703,-0.00014816249391939634,8.562875618782449e-05,-4.2410325143526803e-05,-0.6032769630306707,-0.27361697343997815,-0.3367455165711588,-0.007085526980466189
2.23,-0.001993935942410636,-0.0027863885454460393,0.0017973924953738768,-0.00014001900973574494,8.754887023072407e-05,-4.4018680802601276e-05,-0.6029433277736873,-0.273450047557387,-0.3365487836268398,-0.007055503410539482
2.24,-0.0019952961366252317,-0.002785503391559495,0.0017969442169800565,-0.00013216854762584295,8.937824981433774e-05,-4.555378034505754e-05,-0.6026128810190998,-0.2732855519321007,-0.3363542914523866,-0.0070269623653874125
2.25,-0.001996579253806058,-0.00278460038211482,0.0017964809426227971,-0.0001246006031470147,9.112105655630568e-05,-4.7018891089771906e-05,-0.602285504874855,-0.2731234002675804,-0.33616196215341176,-0.006999857546137189
2.2600000000000002,-0.001997788067956839,-0.002783680362748529,0.0017960033563609928,-0.0001173050484113792,9.278126125421788e-05,-4.841713465870714e-05,-0.601961086006082,-0.2729635093772458,-0.33597172061011543,-0.006974143981279296
2.27,-0.0019989252536368133,-0.0027827441403104145,0.0017955121117431694,-0.00011027211858746768,9.436265263526154e-05,-4.975149347381799e-05,-0.6016395154566976,-0.2728057990723356,-0.3357834943783971,-0.0069497779940350946
2.2800000000000002,-0.0019999933895255384,-0.002781792484642016,0.0017950078331680087,-0.00010349239888558452,9.586884570435744e-05,-5.102481696430104e-05,-0.6013206884780803,-0.2726501920540211,-0.33559721359445815,-0.006926717170398833
2.29,-0.002000994961859908,-0.0027808261302735334,0.0017944911171842042,-9.695681200986768e-05,9.730328970989811e-05,-5.2239827497001164e-05,-0.6010045043645633,-0.2724966138092131,-0.33541281088285335,-0.006904920327503061
2.3000000000000003,-0.0020019323677479637,-0.002779845778042937,0.0017939625337323544,-9.065660606006984e-05,9.866927574392522e-05,-5.339912604237343e-05,-0.6006908662953748,-0.27234499251021116,-0.3352302212677736,-0.006884347482609798
2.31,-0.002002807918363913,-0.0027788520966408373,0.001793422627331476,-8.458334286701736e-05,9.996994399402813e-05,-5.450519758784756e-05,-0.6003796811829331,-0.27219525891796825,-0.33504938208755014,-0.006864959822585309
2.32,-0.0020036238420286174,-0.002777845724084519,0.0017928719182126094,-7.872888674629568e-05,0.00010120829066262878,-5.556041630973136e-05,-0.6000708595270507,-0.27204734628877414,-0.33487023291213974,-0.006846719673863105
2.33,-0.0020043822871796528,-0.002776827269124387,0.0017923109034018731,-7.308539365494902e-05,0.00010238717456900275,-5.656705051449908e-05,-0.5997643152749663,-0.2719011902843883,-0.334692715463629,-0.006829590473050956
2.34,-0.0020050853252349013,-0.0027757973125859237,0.0017917400577552238,-6.764530073702515e-05,0.00010350932344867563,-5.7527267359789195e-05,-0.5994599656868884,-0.2717567288853059,-0.33451677353951703,-0.0068135367379345
2.35,-0.0020057349533534915,-0.002774756408650113,0.001791159834947072,-6.240131624375677e-05,0.00010457733996380395,-5.844313736481456e-05,-0.599157731206864,-0.2716139023072455,-0.334342352938767,-0.006798524039148518
2.36,-0.002006333097097767,-0.0027737050860751587,0.001790570668414817,-5.7346409815172604e-05,0.00010559370743808013,-5.931663871964494e-05,-0.5988575353386907,-0.27147265292058415,-0.33416940139047924,-0.0067845189723726995
2.37,-0.0020068816129998296,-0.002772643849362179,0.0017899729722612588,-5.247380311004877e-05,0.00010656079532875772,-6.014966140243927e-05,-0.5985593045268128,-0.2713329251727013,-0.33399786848511137,-0.006771489130999814
2.38,-0.0020073822910360835,-0.002771573179867455,0.0017893671421167728,-4.777696077173842e-05,0.00010748086444760442,-6.094401111293256e-05,-0.5982629680418301,-0.27119466551311744,-0.3338277056081441,-0.006759403079431431
2.39,-0.0020078368570130684,-0.002770493536863678,0.0017887535559630362,-4.324958171782596e-05,0.00010835607194256564,-6.170141303061753e-05,-0.5979684578705852,-0.27105782232136566,-0.33365886587613103,-0.006748230326911492
2.4,-0.0020082469748677694,-0.002769405358552536,0.0017881325749200241,-3.888559074208689e-05,0.00010918847605100938,-6.242351540528457e-05,-0.5976757086105685,-0.27092234583740404,-0.3334913040750553,-0.006737941301890843
2.41,-0.0020086142488854692,-0.0027683090630308744,0.0017875045439979117,-3.467913041750194e-05,0.00010998004063489322,-6.311189298751877e-05,-0.5973846573684146,-0.2707881880945656,-0.3333249766007795,-0.006728507326930505
2.42,-0.002008940225838094,-0.0027672050492125516,0.001786869792815446,-3.062455328941813e-05,0.0001107326395081641,-6.376805030616867e-05,-0.597095243662476,-0.2706553028549544,-0.3331598414017193,-0.006719900594197692
2.43,-0.002009226397045908,-0.0027660936977080284,0.001786228636286286,-2.6716414348676524e-05,0.00011144806056573413,-6.439342479966846e-05,-0.5968074093291964,-0.2705236455470783,-0.33299585792353414,-0.0067120941414159085
2.44,-0.002009474200365298,-0.0027649753716636237,0.0017855813752747356,-2.2949463774470985e-05,0.00011212800972296299,-6.498938980774738e-05,-0.5965210984331962,-0.2703931732058269,-0.3328329870558153,-0.006705061828445907
2.45,-0.002009685022105307,-0.002763850417562292,0.0017849282972222378,-1.9318639937476088e-05,0.0001127741146745542,-6.555725742973043e-05,-0.5962362571807764,-0.2702638444145422,-0.33267119108055965,-0.006698778314325277
2.46,-0.0020098601988754613,-0.0027627191659876796,0.0017842696767459308,-1.581906265360768e-05,0.00011338792848127284,-6.609828125537781e-05,-0.5959528338369926,-0.2701356192492179,-0.33251043362265836,-0.006693219034883652
2.47,-0.0020100010193673597,-0.0027615819323531508,0.0017836057762105134,-1.2446026679803151e-05,0.0001139709329919655,-6.661365897396186e-05,-0.5956707786458368,-0.2700084592247105,-0.3323506796019817,-0.0066883601808553905
2.48,-0.0020101087260723984,-0.0027604390175973836,0.0017829368462746107,-9.194995442856332e-06,0.00011452454210890313,-6.710453486694235e-05,-0.5953900437536158,-0.2698823272428195,-0.33219189518729003,-0.006684178676493707
2.49,-0.002010184516937918,-0.0027592907088480724,0.001782263126412775,-6.061594993046744e-06,0.00011505010490320489,-6.757200218959524e-05,-0.5951105831353556,-0.26975718754235245,-0.3320340477517427,-0.006680652158739558
2.5,-0.002010229546963986,-0.0027581372800551977,0.0017815848454142108,-3.0416081746122926e-06,0.0001155489085875125,-6.801710544633571e-05,-0.5948323525240209,-0.26963300565086934,-0.33187710582997615,-0.006677758956824681
2.5100000000000002,-0.002010244929742934,-0.0027569789925952592,0.0017809022218592584,-1.3096900506697426e-07,0.00011602218135229831,-6.844084256464018e-05,-0.5945553093425693,-0.26950974833827257,-0.3317210390767415,-0.006675478072444757
2.52,-0.002010231738943714,-0.002755816095847805,0.0017802154645746332,2.674242743892368e-06,0.00011647109507219506,-6.884416697198856e-05,-0.5942794126386016,-0.2693873835719951,-0.33156581822697984,-0.006673789160373256
2.5300000000000002,-0.0020101910097430364,-0.0027546488277455216,0.0017795247730683626,5.3778067713027225e-06,0.00011689676788827068,-6.922798958023158e-05,-0.5940046230216607,-0.2692658804738184,-0.33141141505739224,-0.006672672509549837
2.54,-0.0020101237402052126,-0.0027534774152991066,0.001778830337945329,7.983367284489453e-06,0.00011730026667169622,-6.959318068144967e-05,-0.5937309026028855,-0.2691452092782925,-0.331257802349297,-0.006672109024703998
2.5500000000000003,-0.0020100308926125302,-0.00275230207509807,0.0017781323413042828,1.049443785604095e-05,0.00011768260937470177,-6.99405717592931e-05,-0.5934582149370785,-0.269025341292587,-0.3311049538528443,-0.006672080208352721
2.56,-0.0020099133947479404,-0.002751123013788575,0.0017774309571171511,1.2914406106728197e-05,0.00011804476727358532,-7.02709572195079e-05,-0.5931865249670235,-0.2689062488578259,-0.3309528442525077,-0.006672568143309965
2.57,-0.0020097721411317616,-0.0027499404285293684,0.0017767263515914334,1.5246538220538615e-05,0.00011838766710889394,-7.05850960433007e-05,-0.5929157989700011,-0.2687879053118283,-0.3308014491338417,-0.006673555475668808
2.58,-0.002009607994214054,-0.002748754507426804,0.0017760186835164367,1.749398329777294e-05,0.00011871219312745436,-7.088371336701519e-05,-0.5926460045063234,-0.26867028495314627,-0.33065074495134417,-0.0066750253981668894
2.59,-0.00200942178552425,-0.0027475654299499233,0.0017753081045940708,1.9659777552215603e-05,0.00011901918903081927,-7.116750199136742e-05,-0.5923771103699194,-0.2685533630064496,-0.3305007089974889,-0.006676961634019124
2.6,-0.002009214316779572,-0.0027463733673265,0.0017745947597548935,2.1746848357829222e-05,0.00011930945983443857,-7.143712382332818e-05,-0.5921090865408933,-0.26843711558915495,-0.33035131937293594,-0.00667934842119744
2.61,-0.0020089863609537165,-0.0027451784829209246,0.0017738787874600629,2.3758018150266346e-05,0.00011958377364148528,-7.169321125374156e-05,-0.5918419041398465,-0.2683215196791727,-0.3302025549577199,-0.006682170497046086
2.62,-0.0020087386633072333,-0.0027439809325947658,0.001773160319989823,2.56960081886759e-05,0.00011984286333526895,-7.19363684735473e-05,-0.5915755353840337,-0.26820655308394103,-0.3300543953834786,-0.006685413083385772
2.63,-0.002008471942380963,-0.002742780865050796,0.0017724394837191283,2.7563442182578954e-05,0.00012008742819417602,-7.216717273121407e-05,-0.591309953545165,-0.2680921944104938,-0.3299068210066784,-0.006689061872007157
2.64,-0.0020081868909538653,-0.0027415784221612445,0.001771716399380975,2.936284978877554e-05,0.00012031813543261515,-7.238617553422152e-05,-0.5910451329089564,-0.26797842303665453,-0.32975981288283185,-0.006693103010529888
2.65,-0.002007884176966511,-0.0027403737392809975,0.0017709911823179903,3.1096669982805754e-05,0.00012053562167116684,-7.259390379686215e-05,-0.5907810487361445,-0.2678652190831958,-0.32961335274157116,-0.0066975230886225645
2.66,-0.0020075644444114706,-0.0027391669455464397,0.0017702639427228048,3.276725430968302e-05,0.00012074049433931536,-7.2790860936913e-05,-0.5905176772250605,-0.26775256338711195,-0.32946742296264386,-0.0067023091246951605
2.67,-0.0020072283141917835,-0.0027379581641605918,0.001769534785867703,3.437687001798669e-05,0.00012093333301404021,-7.297752792341085e-05,-0.5902549954756666,-0.26764043747575583,-0.3293220065527589,-0.006707448552848022
2.68,-0.0020068763849486544,-0.002736747512665173,0.001768803812324036,3.59277030816716e-05,0.00012111469069687286,-7.3154364277681e-05,-0.5899929814549867,-0.26752882354195195,-0.32917708712326554,-0.006712929210230811
2.69,-0.0020065092338594796,-0.0027355351032001926,0.0017680711181718481,3.7421861113530355e-05,0.0001212850950323856,-7.332180902972652e-05,-0.5897316139638273,-0.26741770442001633,-0.3290326488685908,-0.00671873932477976
2.7,-0.0020061274174072636,-0.0027343210427516317,0.001767336795200157,3.8861376174237565e-05,0.00012144504947098793,-7.348028163201614e-05,-0.5894708726049211,-0.26730706356262024,-0.32888867654552745,-0.00672486750322665
2.71,-0.002005731472122459,-0.0027331054333877766,0.001766600931098302,4.0248207480619394e-05,0.00012159503437810316,-7.363018283242105e-05,-0.5892107377520959,-0.2671968850184887,-0.32874515545312005,-0.0067313027195129715
2.72,-0.0020053219152982088,-0.0027318883724847098,0.0017658636096387615,4.1584244016989056e-05,0.00012173550809284686,-7.377189550833407e-05,-0.5889511905208447,-0.2670871534109137,-0.3286020714134335,-0.0067380343035025325
2.73,-0.0020048992456799517,-0.002730669952941463,0.0017651249108518153,4.287130705272505e-05,0.00012186690793789284,-7.390578546357239e-05,-0.5886922127399394,-0.26697785391703877,-0.328459410752897,-0.006745051929996249
2.74,-0.0020044639441303075,-0.0027294502633853075,0.0017643849111924216,4.4111152569652534e-05,0.00012198965118307732,-7.40322021896855e-05,-0.5884337869240898,-0.26686897224789546,-0.32831716028429925,-0.006752345608104948
2.75,-0.002004016474270126,-0.002728229388367628,0.0017636436836996495,4.530547360246453e-05,0.00012210413596502838,-7.415147959338268e-05,-0.5881758962478078,-0.2667604946291413,-0.3281753072895276,-0.006759905670861099
2.7600000000000002,-0.0020035572830965588,-0.002727007408550816,0.0017629012981490051,4.645590249516179e-05,0.0001222107421643135,-7.426393669144455e-05,-0.5879185245201402,-0.2666524077824939,-0.32803383950284526,-0.0067677227651988525
2.77,-0.0020030868015789727,-0.0027257844008865962,0.0017621578211979624,4.756401307665075e-05,0.00012230983224252722,-7.436987827477648e-05,-0.587661656160437,-0.2665446989078727,-0.32789274509472943,-0.006775787842165121
2.7800000000000002,-0.002002605445233502,-0.002724560438786174,0.0017614133165250064,4.863132275838433e-05,0.00012240175204106832,-7.446959554268528e-05,-0.5874052761750729,-0.26643735566616267,-0.3277520126564072,-0.006784092147496978
2.79,-0.0020021136146770066,-0.0027233355922825805,0.0017606678449624753,4.9659294556682214e-05,0.00012248683154323603,-7.456336670903373e-05,-0.5871493701350392,-0.2663303661625296,-0.32761163118482145,-0.006792627212311914
2.8000000000000003,-0.0020016116961611673,-0.002722109928185576,0.0017599214646234786,5.064933904274231e-05,0.0001225653856012149,-7.465145758123922e-05,-0.5868939241544199,-0.2662237189304971,-0.32747159006820614,-0.006801384844283387
2.81,-0.0020011000620874424,-0.0027208835102294497,0.001759174231023157,5.160281622254752e-05,0.00012263771462999416,-7.47341221135006e-05,-0.5866389248696391,-0.26611740291640584,-0.3273318790721178,-0.00681035711888453
2.82,-0.0020005790715035584,-0.0027196563992140424,0.0017584261971945337,5.2521037349595145e-05,0.0001227041052693084,-7.481160293540103e-05,-0.5863843594196122,-0.2660114074646045,-0.32719248832602865,-0.006819536371020868
2.83,-0.0020000490705822053,-0.002718428653139303,0.0017576774137991998,5.3405266672461865e-05,0.00012276483101528797,-7.488413185686123e-05,-0.5861302154265917,-0.2659057223030624,-0.3270534083103626,-0.00682891518683329
2.84,-0.0019995103930825725,-0.002717200327333674,0.0017569279292330648,5.4256723119795634e-05,0.000122820152823073,-7.495193035061601e-05,-0.5858764809777441,-0.26580033752953325,-0.3269146298439745,-0.006838486395763704
2.85,-0.00199896336079534,-0.002715971474576595,0.001756177789727391,5.507658192494434e-05,0.00012287031968184916,-7.501521001317117e-05,-0.5856231446074482,-0.2656952435982397,-0.32677614407209243,-0.006848243062883785
2.86,-0.001998408283971716,-0.002714742145215382,0.0017554270394453226,5.5865976192318645e-05,0.00012291556916358993,-7.507417300521892e-05,-0.5853701952803312,-0.2655904313070221,-0.326637942454739,-0.0068581784814298885
2.87,-0.0019978454617370967,-0.002713512387276753,0.0017546757205741102,5.662599840752998e-05,0.00012295612794648833,-7.512901247240536e-05,-0.5851176223748669,-0.2654858917849269,-0.3265000167554679,-0.006868286165527815
2.88,-0.0019972751824898975,-0.002712282246573239,0.0017539238734132225,5.7357701893519014e-05,0.00012299221231444987,-7.517991294730317e-05,-0.5848654156676442,-0.2653816164802871,-0.3263623590305593,-0.006878559843202237
2.89,-0.001996697724286085,-0.002711051766804714,0.0017531715364585301,5.806210221443029e-05,0.00012302402863375802,-7.522705073349083e-05,-0.584613565318266,-0.2652775971492219,-0.32622496161862424,-0.006888993449580105
2.9,-0.0019961133552099278,-0.0027098209896552687,0.0017524187464827343,5.874017852909797e-05,0.00012305177380783202,-7.527059427252087e-05,-0.5843620618547987,-0.2651738258444873,-0.3260878171305327,-0.006899581120221321
2.91,-0.0019955223337314544,-0.0027085899548856475,0.0017516655386122099,5.9392874896125284e-05,0.00012307563571099244,-7.531070449449139e-05,-0.5841108961597608,-0.26507029490482514,-0.3259509184397048,-0.006910317184769199
2.92,-0.001994924909051099,-0.002707358700421442,0.0017509119464004204,6.002110153212214e-05,0.0001230957936025551,-7.534753515302297e-05,-0.5838600594566921,-0.26496699694465997,-0.32581425867274744,-0.0069211961607154315
2.93,-0.0019943213214319916,-0.002706127262437244,0.001750158001898062,6.062573602484473e-05,0.00012311241852189301,-7.538123314520864e-05,-0.5836095432972116,-0.2648639248441287,-0.32567783120047533,-0.006932212747392363
2.94,-0.001993711802520336,-0.002704895675436934,0.001749403735720076,6.120762450283454e-05,0.00012312567366530792,-7.541193881744098e-05,-0.5833593395486067,-0.2647610717394965,-0.3255416296291981,-0.006943361820087701
2.95,-0.0019930965756543057,-0.002703663972330298,0.001748649177109677,6.176758276315884e-05,0.00012313571474553036,-7.543978625746946e-05,-0.5831094403818202,-0.2646584310139733,-0.32540564779230474,-0.006954638424457815
2.96,-0.001992475856161862,-0.0027024321845061233,0.0017478943539995222,6.230639735868561e-05,0.00012314269033504994,-7.546490357350841e-05,-0.5828598382599907,-0.264555996288767,-0.3252698797422029,-0.006966037770979233
2.97,-0.0019918498516479023,-0.002701200341901944,0.0017471392930701556,6.282482664641184e-05,0.00012314674219341765,-7.548741316084959e-05,-0.582610525927363,-0.2644537614144959,-0.3251343197425075,-0.006977555229640442
2.98,-0.0019912187622711107,-0.002699968473070592,0.0017463840198058457,6.332360179823482e-05,0.00012314800557960599,-7.550743195663709e-05,-0.5823614963986528,-0.2643517204629339,-0.32499896226052566,-0.006989186324806801
2.99,-0.001990582781010884,-0.0026987366052436926,0.001745628558547932,6.38034277754485e-05,0.000123146609550085,-7.552507168328701e-05,-0.5821127429488216,-0.2642498677190823,-0.32486380195997955,-0.0070009267302401645
